user_id,name,email
98001,Martha Pearl Caracal,martha.p.caracal@example.com
98002,Liza Jettie Dunlin,liza.j.dunlin@example.com
98003,Mollie Alberta Myna,mollie.a.myna@example.com
98004,Elvira Jewel Coyote,elvira.j.coyote@example.com
98005,Claudia Elsa Fox,claudia.e.fox@example.com
98006,Loretto Liddie Woodpecker,loretto.l.woodpecker@example.com
98007,Edyth Bridget Rabbit,edyth.b.rabbit@example.com
98008,Selina Salome Spoonbill,selina.s.spoonbill@example.com
98009,Gretchen Freida Alligator,gretchen.f.alligator@example.com
98010,Gladys Bessie Bison,gladys.b.bison@example.com
98011,Almeda Tena Beaver,almeda.t.beaver@example.com
98012,Ressie Patsy Tarsier,ressie.p.tarsier@example.com
98013,Anner Zetta Newt,anner.z.newt@example.com
98014,Freeda Fae Bat,freeda.f.bat@example.com
98015,Maybelle Lorene Lapwing,maybelle.l.lapwing@example.com
98016,Rosina Rilla Giraffe,rosina.r.giraffe@example.com
98017,Millie Juanita Shrike,millie.j.shrike@example.com
98018,Mercedes Judith Boar,mercedes.j.boar@example.com
98019,Rosa Beulah Gaur,rosa.b.gaur@example.com
98020,Loraine Julie Caribou,loraine.j.caribou@example.com